Brand,Model,Varient,Manufacturing_year,Driven_kilometers,Fuel,Numbers_of_owners,Price
Nissan,Terrano,XV 110 DIESEL Manual,2014,43866,Diesel,1st Owner,476199
Volkswagen,Vento,HIGHLINE PETROL Manual,2014,62625,Petrol,1st Owner,446899
Maruti,Ritz,VXI GENUS Manual,2010,96362,Petrol,1st Owner,231399
Grand,i10,MAGNA 1.1 CRDI Manual,2015,62491,Diesel,2nd Owner,312299
Swift,Dzire,VDI BS IV Manual,2014,96978,Diesel,1st Owner,416399
Alto,K10,VXI Manual,2019,10395,Petrol,1st Owner,427199
Maruti,Swift,VDI ABS Manual,2015,44638,Diesel,1st Owner,432499
Maruti,Swift,VDI Manual,2013,114506,Diesel,1st Owner,330499
Hyundai,i20,SPORTZ 1.4 CRDI Manual,2013,64361,Diesel,1st Owner,364899
R,1,LXI Manual,2013,151452,Petrol,1st Owner,234499
Maruti,Swift,VDI ABS Manual,2015,89196,Diesel,1st Owner,406599
Maruti,Swift,VXI Manual,2014,107206,Petrol,1st Owner,392399
Ford,Ecosport,1.5 TITANIUMTDCI OPT Manual,2014,156205,Diesel,1st Owner,455199
Maruti,Dzire,VDI Manual,2017,110557,Diesel,1st Owner,551499
Maruti,Swift,VDI Manual,2013,58990,Diesel,1st Owner,329299
Maruti,Swift,VDI Manual,2013,68749,Diesel,1st Owner,332799
Maruti,Swift,VDI Manual,2013,40547,Diesel,1st Owner,336999
Maruti,Swift,VDI Manual,2013,112335,Diesel,1st Owner,332399
Ford,Ecosport,1.5 AMBIENTE TDCI Manual,2013,114725,Diesel,1st Owner,376599
Maruti,Swift,VDI Manual,2014,83937,Diesel,1st Owner,387199
Maruti,Terrano,VDI Manual,2013,78932,Diesel,2nd Owner,312499
Elite,Vento,MAGNA 1.4 CRDI Manual,2015,59041,Diesel,1st Owner,484199
Mahindra,Ritz,W8 FWD Manual,2013,20852,Diesel,1st Owner,579899
Maruti,i10,LDI BS IV Manual,2015,18206,Diesel,1st Owner,397699
Honda,Dzire,1.2 SAT I VTEC Automatic,2014,31538,Petrol,1st Owner,475099
Vitara,K10,ZDI PLUS Manual,2016,151704,Diesel,1st Owner,622199
Honda,Swift,SV MT PETROL Manual,2014,35056,Petrol,2nd Owner,573599
Grand,Swift,SPORTS 1.2 VTVT Manual,2017,35134,Petrol,1st Owner,501699
Maruti,i20,VDI PLUS Manual,2014,93428,Diesel,1st Owner,500299
Vitara,1,VDI Manual,2018,112703,Diesel,1st Owner,658599
NEW,Swift,SPORTZ 1.1 Manual,2019,5503,Petrol,1st Owner,516799
Elite,Swift,MAGNA 1.2 Manual,2016,48823,Petrol,1st Owner,508399
Elite,Ecosport,SPORTZ 1.4 Manual,2015,66356,Diesel,2nd Owner,479299
Maruti,Dzire,DELTA 1.2 K12 Manual,2016,36520,Petrol,1st Owner,558899
BMW,Swift,SDRIVE 20D Automatic,2017,47517,Diesel,1st Owner,1915799
Vitara,Swift,VDI OPT Manual,2016,73453,Diesel,2nd Owner,630199
New,Swift,S 1.6 MT Manual,2014,53444,Diesel,1st Owner,583999
Vitara,Swift,ZDI Manual,2016,65443,Diesel,1st Owner,704499
Vitara,Ecosport,ZDI PLUS DUAL TONE Manual,2016,90110,Diesel,1st Owner,717799
R,Swift,LXI Manual,2018,13375,Petrol,1st Owner,424499
Elite,Swift,Magna Executive 1.2 Manual,2017,26555,Petrol,1st Owner,520499
Maruti,i20,VDI ABS Manual,2015,61499,Diesel,2nd Owner,426899
New,XUV500,S 1.6 MT Manual,2013,47959,Diesel,2nd Owner,660999
Maruti,Swift,VDI ABS Manual,2015,28043,Diesel,1st Owner,481599
Hyundai,Amaze,1.4 E PLUS CRDI Manual,2017,77578,Diesel,1st Owner,855999
Maruti,Brezza,LDI Manual,2014,70124,Diesel,1st Owner,282699
Ford,City,1.5 TITANIUM TI VCT AT Automatic,2017,40536,Petrol,1st Owner,727899
Corolla,i10,D 4D G Manual,2014,126822,Diesel,1st Owner,733999
Hyundai,Ciaz,1.6 SX CRDI Manual,2015,81207,Diesel,1st Owner,738199
Honda,Brezza,VX CVT PETROL Automatic,2020,10988,Petrol,1st Owner,1363899
Ford,SANTRO,1.5TITANIUM TDCI Manual,2018,35747,Diesel,1st Owner,793499
Ford,i20,1.5 TDCI TITANIUM PLUS Manual,2018,40788,Diesel,1st Owner,794599
i20,i20,1.4 SX Manual,2015,82705,Diesel,1st Owner,531099
Tucson,Baleno,2WD AT GL DIESEL Automatic,2017,52124,Diesel,1st Owner,1570399
i20,X1,1.4 S Manual,2015,59591,Diesel,1st Owner,504299
Toyota,Brezza,VX D Manual,2015,77530,Diesel,1st Owner,495199
Renault,Elantra,RXL Manual,2019,17515,Petrol,2nd Owner,358799
Toyota,Brezza,2.5 VX 8 STR BS IV Manual,2014,82096,Diesel,1st Owner,970999
Honda,Brezza,2.0 2WD AT Automatic,2014,54962,Petrol,1st Owner,880799
E,1,E 250 CDI AVANTGARDE Automatic,2013,41294,Diesel,2nd Owner,1479399
Volkswagen,i20,HIGHLINE1.2L PETROL Manual,2016,64096,Petrol,2nd Owner,460299
BMW,Swift,XDRIVE 20D Automatic,2013,69697,Diesel,2nd Owner,1257499
Mahindra,Elantra,LX BS IV Manual,2013,76604,Diesel,1st Owner,527299
Hyundai,Swift,S 1.1 CRDI OPT Manual,2014,66526,Diesel,1st Owner,350699
Volkswagen,Creta,TRENDLINE 1.5 Manual,2017,79431,Diesel,1st Owner,451199
Mahindra,Ritz,S4+Intelli Hybrid 2WD Manual,2017,44533,Diesel,2nd Owner,907899
Tucson,Ecosport,2WD AT GL DIESEL Automatic,2018,58368,Diesel,1st Owner,1558299
Hyundai,Altis,1.4 E PLUS CRDI,2017,74110,Diesel,1st Owner,807499
Elite,Creta,MAGNA 1.2 Manual,2016,60102,Petrol,1st Owner,508899
Hyundai,City,SPORTZ 1.2 KAPPA2 Manual,2010,36253,Petrol,1st Owner,259399
Hyundai,Ecosport,BASE 1.2 Manual,2014,55978,Petrol,2nd Owner,358399
Vitara,Ecosport,ZDI Manual,2018,83300,Diesel,2nd Owner,724299
Honda,Active,V MT PETROL Manual,2010,31235,Petrol,1st Owner,354499
Innova,New,Touring Sport Diesel AT Automatic,2017,85295,Diesel,1st Owner,1471699
Innova,Active,2.7 ZX AT 7 STR Automatic,2017,83260,Petrol,1st Owner,1455899
Mahindra,Etios,S10 Intelli Hybrid 2WD Manual,2016,55537,Diesel,1st Owner,1063999
S,Kwid,ALPHA 1.6 Manual,2016,117629,Diesel,1st Owner,546099
Mahindra,Innova,S10 Manual,2016,46876,Diesel,1st Owner,1157499
Honda,CRV,1.2 i-VTEC S MT Manual,2017,15243,Petrol,1st Owner,727299
BMW,Class,SDRIVE 20D Automatic,2016,26906,Diesel,2nd Owner,1637499
3,Polo,320D Automatic,2015,34232,Diesel,2nd Owner,1580099
New,X3,VXI 1.0 Manual,2019,14839,Petrol,1st Owner,526799
Mahindra,Scorpio,W8 FWD Manual,2013,60491,Diesel,1st Owner,560899
New,Xcent,LXI 1.0 L Manual,2019,1991,Petrol,1st Owner,495699
New,Ameo,LXI 1.0 L,2019,13643,Petrol,1st Owner,495699
Celerio,Scorpio,ZXI OPT AMT Automatic,2018,46829,Petrol,1st Owner,476599
New,New,1.2 TREND Manual,2017,3430,Petrol,1st Owner,461799
BMW,Creta,XDRIVE 20D Automatic,2013,66650,Diesel,1st Owner,1404199
I10,i20,Asta Petrol Manual,2019,5058,Petrol,1st Owner,716199
Mahindra,i10,S7 120 BHP 2WD Manual,2018,41029,Diesel,1st Owner,1175199
Maruti,Xcent,DELTA 1.2 K12 Manual,2020,10901,Petrol,1st Owner,704099
Toyota,Brezza,VX CVT,2018,39407,Petrol,1st Owner,864299
Elite,City,ASTA 1.2 Manual,2015,48727,Petrol,1st Owner,576999
Elite,Crysta,ASTA 1.2 Manual,2015,62587,Petrol,1st Owner,574699
Elite,Crysta,ASTA 1.2 Manual,2015,34044,Petrol,1st Owner,571099
Audi,Scorpio,2.0 TDI MT S EDITION Manual,2014,66027,Diesel,1st Owner,1209799
R,Cross,LXI Manual,2010,19196,Petrol,1st Owner,248799
Honda,Scorpio,ZX MT DIESEL Manual,2019,40820,Diesel,1st Owner,1681399
Hyundai,WR-V,1.4 S CRDI Manual,2016,54233,Diesel,1st Owner,809699
Elite,X1,SPORTZ (O) 1.4 Manual,2015,70355,Diesel,1st Owner,561599
Elite,Series,SPORTZ 1.2 Manual,2015,40062,Petrol,1st Owner,524799
Hyundai,Wagon-R,1.6 SX CRDI Manual,2016,85035,Diesel,1st Owner,854999
Figo,XUV500,1.5 AMBIENTE DIESEL Manual,2015,94755,Diesel,1st Owner,396599
Mahindra,Wagon-R,S5 2WD Manual,2019,13601,Diesel,1st Owner,1163699
Hyundai,Wagon-R,1.6 E + VTVT Manual,2016,19622,Petrol,2nd Owner,762699
Elite,X,SPORTZ 1.2 Manual,2015,70052,Petrol,1st Owner,471199
Elite,Figo,SPORTZ 1.2 Manual,2015,95487,Petrol,1st Owner,467399
Mahindra,X3,S10 Manual,2016,66091,Diesel,2nd Owner,1089399
Elite,NIOS,ASTA 1.2 Manual,2014,29874,Petrol,1st Owner,565899
I10,Scorpio,Asta Petrol Manual,2019,5906,Petrol,1st Owner,668099
Ford,Baleno,1.5 TREND TI VCT Manual,2014,77764,Petrol,1st Owner,516699
Maruti,YARIS,VXI Manual,2017,40587,Petrol,1st Owner,592799
Ford,i20,1.5TITANIUM TDCI Manual,2014,59650,Diesel,1st Owner,485499
Maruti,i20,VDI Manual,2017,91724,Diesel,1st Owner,577899
Ford,i20,1.5 TREND TDCI Manual,2014,38471,Diesel,1st Owner,489599
Maruti,Q3,ZETA 1.2 K12 Manual,2016,18164,Petrol,2nd Owner,599699
Hyundai,1,1.6 SX CRDI Manual,2015,117683,Diesel,1st Owner,734199
Ford,Civic,1.5 TREND TDCI Manual,2014,102117,Diesel,1st Owner,424799
Maruti,Creta,ZETA 1.2 K12 AMT Automatic,2017,21085,Petrol,2nd Owner,549599
Ford,i20,1.5 TREND TDCI Manual,2014,89187,Diesel,1st Owner,448399
Ford,i20,1.5 TREND TDCI Manual,2014,122729,Diesel,1st Owner,448599
Ford,Creta,1.5TITANIUM TDCI Manual,2014,66200,Diesel,1st Owner,505799
Ford,Aspire,1.5 TREND TDCI Manual,2014,60710,Diesel,1st Owner,432399
Elite,Scorpio,SPORTZ 1.2 Manual,2015,40775,Petrol,2nd Owner,502899
Swift,Creta,VXI 1.2 BS IV Manual,2012,55409,Petrol,2nd Owner,367399
Hyundai,i20,1.6 S Manual,2015,84265,Petrol,2nd Owner,794199
Hyundai,i20,1.6 SX (O) CRDI Manual,2015,89521,Diesel,1st Owner,796999
Maruti,Scorpio,ZETA 1.2 K12 Manual,2016,32766,Petrol,2nd Owner,539399
Elite,i20,ASTA 1.4 CRDI Manual,2015,73424,Diesel,2nd Owner,569499
Maruti,NIOS,ZETA 1.2 K12 Manual,2016,28614,Petrol,1st Owner,592399
Elite,Ecosport,SPORTZ (O) 1.4 Manual,2014,72861,Diesel,1st Owner,489799
Maruti,Dzire,ALPHA DDIS 190 Manual,2016,67332,Diesel,1st Owner,577399
Honda,Ecosport,2.0 2WD AT Automatic,2015,73682,Petrol,1st Owner,1399999
Ford,Dzire,1.5TITANIUM TDCI Manual,2014,59522,Diesel,2nd Owner,454299
Maruti,Ecosport,ALPHA DDIS 190 Manual,2016,71530,Diesel,1st Owner,619899
Hyundai,Baleno,1.0L Turbo GDI SX MT Manual,2019,35157,Petrol,1st Owner,905299
Renault,Creta,85 PS RXL OPT Manual,2013,70538,Diesel,1st Owner,438199
Renault,Ecosport,85 PS RXL OPT Manual,2013,96788,Diesel,1st Owner,436399
Maruti,IGNIS,VDI AMT Automatic,2017,55763,Diesel,1st Owner,643699
Elite,Ecosport,ASTA 1.4 CRDI Manual,2014,169197,Diesel,1st Owner,467499
Elite,Ecosport,ASTA 1.4 CRDI Manual,2014,80822,Diesel,1st Owner,470999
Elite,Ecosport,SPORTZ 1.4 Manual,2014,81884,Diesel,1st Owner,473799
Mahindra,Ecosport,W8 FWD Manual,2013,71248,Diesel,1st Owner,586199
MG,i20,SHARP DCT PETROL Automatic,2020,7388,Petrol,1st Owner,1724799
Ford,Dzire,1.5TITANIUM TDCI Manual,2014,50683,Diesel,2nd Owner,486499
New,Creta,LXI 1.0 L Manual,2020,10477,Petrol,3rd Owner,468699
Maruti,Creta,DELTA 1.2 K12 Manual,2016,42119,Petrol,1st Owner,562699
Maruti,Baleno,DELTA DDIS 190 Manual,2016,55334,Diesel,1st Owner,541199
Maruti,i20,DELTA 1.2 K12 Manual,2016,44604,Petrol,1st Owner,529399
Mahindra,Baleno,W6 4X2 Manual,2014,166990,Diesel,1st Owner,523699
Toyota,i20,2.5 VX 8 STR BS IV Manual,2014,69958,Diesel,1st Owner,996799
Ford,Baleno,1.5TITANIUM TDCI Manual,2014,78005,Diesel,1st Owner,475499
Maruti,CRV,DELTA 1.2 K12 Manual,2016,72334,Petrol,1st Owner,523999
Ford,Ecosport,1.5TITANIUM TDCI Manual,2013,80946,Diesel,2nd Owner,389699
Hyundai,Baleno,1.6 CRDI SX PLUS AUTO Automatic,2015,72344,Diesel,2nd Owner,854099
Maruti,VENUE,VXI Manual,2018,34025,Petrol,2nd Owner,572099
Maruti,Duster,DELTA 1.2 K12 Manual,2016,87113,Petrol,1st Owner,512999
Maruti,Duster,DELTA 1.2 K12 Manual,2016,80392,Petrol,1st Owner,508999
Maruti,Dzire,VDI ABS Manual,2013,112745,Diesel,1st Owner,459999
Ford,i20,1.5TITANIUM TDCI Manual,2014,48761,Diesel,2nd Owner,449299
Maruti,i20,VDI ABS Manual,2014,64013,Diesel,1st Owner,491299
Audi,i20,2.0 TDI PREMIUM PLUS Automatic,2013,83689,Diesel,2nd Owner,1146199
Toyota,XUV500,3.0 MT 4X2 Manual,2013,76953,Diesel,1st Owner,1205699
Mahindra,HECTOR,S10 Manual,2016,87331,Diesel,2nd Owner,1051499
Tata,Ecosport,XZ 1.2 REVOTRON Manual,2016,33891,Petrol,1st Owner,431299
Elite,Wagon-R,MAGNA 1.2 Manual,2016,37628,Petrol,1st Owner,525399
Toyota,Baleno,2.5 GX 8 STR BS IV Manual,2013,63747,Diesel,1st Owner,710199
Vitara,Baleno,VDI OPT Manual,2016,98517,Diesel,1st Owner,628299
Ford,Baleno,1.5 TITANIUMTDCI OPT Manual,2013,75806,Diesel,1st Owner,472399
Honda,XUV500,1.5 SMT I DTEC Manual,2014,62778,Diesel,1st Owner,350999
Maruti,Innova,DELTA DDIS 190 Manual,2016,63843,Diesel,1st Owner,533599
Corolla,Ecosport,1.8 G Manual,2011,67254,Petrol,1st Owner,502299
Vitara,Baleno,VDI OPT Manual,2016,59773,Diesel,1st Owner,653699
Elite,Ecosport,ASTA 1.4 CRDI Manual,2015,141314,Diesel,3rd Owner,499299
Vitara,Creta,VDI Manual,2016,79226,Diesel,2nd Owner,625999
Ford,Dzire,1.5 TITANIUMTDCI OPT Manual,2013,80686,Diesel,2nd Owner,459799
Maruti,Baleno,DELTA 1.2 K12 AMT Automatic,2018,25166,Petrol,2nd Owner,561999
Vitara,Baleno,VDI OPT Manual,2017,83988,Diesel,1st Owner,657999
Vitara,Ertiga,ZDI PLUS DUAL TONE Manual,2016,29749,Diesel,2nd Owner,661599
Maruti,Ecosport,VDI PLUS Manual,2014,62366,Diesel,1st Owner,503299
Maruti,Ertiga,VDI AMT Automatic,2017,35282,Diesel,3rd Owner,611999
Hyundai,A6,FLUIDIC 1.6 SX CRDI Manual,2013,32537,Diesel,1st Owner,493099
Honda,Fortuner,1.2 SV MT Manual,2016,35705,Petrol,1st Owner,561999
Honda,Scorpio,1.2 S MT I VTEC Manual,2014,45910,Petrol,2nd Owner,338099
Swift,Tiago,LDI BS IV Manual,2017,51316,Diesel,2nd Owner,488699
Honda,i20,VX CVT i-VTEC Automatic,2019,15416,Petrol,1st Owner,1612199
Maruti,Innova,DELTA 1.2 K12 Manual,2018,5489,Petrol,1st Owner,524799
Innova,Brezza,2.8 GX AT 7 STR Automatic,2019,31813,Diesel,1st Owner,1713899
Honda,Ecosport,SV MT DIESEL Manual,2016,99493,Diesel,2nd Owner,561999
Maruti,Amaze,VDI PLUS Manual,2014,113535,Diesel,1st Owner,492099
Honda,Baleno,1.5 SMT I DTEC Manual,2013,72572,Diesel,1st Owner,326099
Maruti,Altis,DELTA 1.3 DDIS SHVS Manual,2017,66396,Diesel,2nd Owner,576599
Vitara,Brezza,VDI Manual,2017,51995,Diesel,2nd Owner,687299
Maruti,i20,ZETA 1.2 K12 Manual,2018,29026,Petrol,1st Owner,496399
CLA,Brezza,CLA 200 CDI SPORT Manual,2017,43842,Diesel,2nd Owner,2250599
Hyundai,Ecosport,FLUIDIC 1.6 SX CRDI Manual,2014,47942,Diesel,1st Owner,527499
Toyota,IGNIS,3.0 AT 4X2 Automatic,2013,74189,Diesel,1st Owner,1292899
Honda,Brezza,1.5 SMT I DTEC Manual,2013,49495,Diesel,1st Owner,323799
Vitara,Brezza,ZDI Manual,2016,44230,Diesel,1st Owner,740099
Vitara,Ciaz,ZDI PLUS Manual,2016,36969,Diesel,1st Owner,743799
Swift,Dzire,VXI 1.2 BS IV Manual,2013,31505,Petrol,1st Owner,405499
Ford,Verna,1.5TITANIUM TDCI Manual,2013,85274,Diesel,1st Owner,429599
Vitara,Jazz,ZDI PLUS Manual,2016,34879,Diesel,1st Owner,696799
Vitara,Brio,VDI OPT Manual,2016,31131,Diesel,1st Owner,708099
Vitara,Dzire,ZDI Manual,2016,26534,Diesel,1st Owner,764999
Honda,Civic,1.2 V AT Automatic,2016,59603,Petrol,1st Owner,507199
Toyota,IGNIS,3.0 AT 4X2 Automatic,2013,108529,Diesel,1st Owner,1248099
Maruti,Crysta,VDI+ SHVS Manual,2017,82599,Diesel,1st Owner,584899
Grand,City,SPORTZ 1.2 KAPPA VTVT Manual,2014,65655,Petrol,2nd Owner,385999
Elite,Ciaz,Magna Executive 1.2 Manual,2018,81387,Petrol,1st Owner,546899
Maruti,Amaze,ALPHA DDIS 190 Manual,2015,76135,Diesel,2nd Owner,545999
Honda,Ciaz,1.5 VXMT I DTEC Manual,2013,81842,Diesel,1st Owner,354899
Toyota,Brezza,3.0 MT 4X2 Manual,2013,100124,Diesel,1st Owner,1273899
Grand,IGNIS,ASTA 1.2 KAPPA VTVT Manual,2017,24778,Petrol,1st Owner,524099
Vitara,Class,VDI Manual,2017,41749,Diesel,1st Owner,730899
Elite,Verna,Magna Executive 1.2 Manual,2018,18780,Petrol,1st Owner,546899
Vitara,Fortuner,VDI OPT Manual,2017,65867,Diesel,1st Owner,714399
Vitara,Amaze,ZDI Manual,2017,81726,Diesel,1st Owner,719299
Vitara,Brezza,VDI OPT Manual,2017,35406,Diesel,1st Owner,724199
Ford,Brezza,1.5 TITANIUM TI VCT Manual,2016,16212,Petrol,1st Owner,717899
Maruti,Dzire,VXI Manual,2014,160555,Petrol,1st Owner,303899
Vitara,Ecosport,ZDI PLUS Manual,2017,82543,Diesel,1st Owner,785899
Mahindra,Brezza,W10 FWD Manual,2016,54286,Diesel,2nd Owner,959799
Elite,Brezza,SPORTZ (O) 1.4 Manual,2014,44530,Diesel,1st Owner,514599
Vitara,Brezza,VDI OPT Manual,2017,28216,Diesel,2nd Owner,745899
Maruti,Jazz,VXI PLUS Manual,2015,35039,Petrol,1st Owner,561599
Maruti,Fortuner,DELTA 1.2 K12 Manual,2018,31671,Petrol,2nd Owner,473499
Ford,Ciaz,1.5 TREND TDCI Manual,2013,33551,Diesel,2nd Owner,490799
Hyundai,i10,FLUIDIC 1.6 SX CRDI Manual,2013,74687,Diesel,1st Owner,434699
Maruti,i20,VXI Manual,2015,26166,Petrol,1st Owner,372999
Renault,Baleno,85 PS RXL Manual,2014,119558,Diesel,1st Owner,400899
Maruti,Amaze,VXI AMT Automatic,2015,33962,Petrol,1st Owner,392099
Maruti,Fortuner,DELTA 1.2 K12 Manual,2015,37205,Petrol,1st Owner,529299
Maruti,i10,ZETA DDIS 190 Manual,2015,57626,Diesel,1st Owner,554799
Ford,Brezza,1.5TITANIUM TDCI Manual,2014,62610,Diesel,1st Owner,480499
Elite,i20,Magna Executive 1.2 Manual,2018,28422,Petrol,1st Owner,546899
Honda,Brezza,V MT PETROL Manual,2017,24546,Petrol,1st Owner,778999
Hyundai,Brezza,FLUIDIC 1.6 SX CRDI Manual,2013,71411,Diesel,1st Owner,438299
Maruti,Brezza,DELTA 1.2 K12 Manual,2016,7591,Petrol,1st Owner,597999
Hyundai,Ecosport,1.0 TURBO GDI SX+ AT Automatic,2019,14035,Petrol,1st Owner,1075999
Maruti,Celerio,DELTA 1.2 K12 Manual,2015,57267,Petrol,1st Owner,513999
Honda,Brezza,E MT DIESEL Manual,2014,137580,Diesel,2nd Owner,402399
Maruti,XUV500,ZDI Manual,2014,94820,Diesel,2nd Owner,519399
E,i20,E 220 CDI ELEGANCE Automatic,2013,52867,Diesel,1st Owner,1265699
Maruti,Brezza,DELTA 1.2 K12 Manual,2016,49147,Petrol,2nd Owner,498799
Toyota,Ciaz,2.5 VX 8 STR BS IV Manual,2014,84036,Diesel,1st Owner,988599
Maruti,IGNIS,ZETA 1.2 K12 Manual,2015,68262,Petrol,1st Owner,525599
Toyota,Ecosport,2.5 GX 7 STR BS IV Manual,2013,158103,Diesel,1st Owner,639999
Ford,Verna,1.5 TITANIUM TI VCT Manual,2016,7789,Petrol,1st Owner,709399
Elite,Celerio,SPORTZ 1.4 Manual,2017,47175,Diesel,1st Owner,570799
Maruti,Duster,VDI ABS Manual,2013,119146,Diesel,3rd Owner,469199
Ford,Celerio,1.5 TITANIUM TI VCT Manual,2016,16113,Petrol,1st Owner,742199
Hyundai,Baleno,FLUIDIC 1.4 EX CRDI Manual,2014,57169,Diesel,1st Owner,501199
Honda,Baleno,VX MT PETROL Manual,2016,60056,Petrol,1st Owner,710299
Maruti,Ecosport,ZDI Manual,2014,93340,Diesel,2nd Owner,528799
Skoda,i20,1.8 TSI LK AT Automatic,2017,45280,Petrol,1st Owner,1897599
Maruti,City,ZDI Manual,2015,61974,Diesel,2nd Owner,558699
Elite,Verna,SPORTZ 1.2 Manual,2017,41557,Petrol,1st Owner,562899
Maruti,Baleno,ZETA DDIS 190 Manual,2015,69946,Diesel,1st Owner,507799
Grand,VENUE,SPORTZ 1.1 CRDI Manual,2014,84559,Diesel,1st Owner,313899
Hyundai,Baleno,FLUIDIC 1.6 SX CRDI Manual,2013,82659,Diesel,1st Owner,443299
A,City,LXI Manual,2009,30867,Petrol,1st Owner,175399
A,Ertiga,VXI Manual,2009,109914,Petrol,1st Owner,175699
S,Class,ZETA SHVS Manual,2017,71277,Diesel,1st Owner,703799
Renault,Baleno,85 PS RXL Manual,2015,74036,Diesel,1st Owner,469299
Grand,Innova,MAGNA 1.2 KAPPA VTVT Manual,2014,59867,Petrol,1st Owner,379499
Toyota,Baleno,2.5 GX 8 STR BS IV Manual,2014,119295,Diesel,2nd Owner,731799
Elite,Innova,1.2 MAGNA PLUS VTVT,2019,35042,Petrol,1st Owner,612399
Elite,Ecosport,Magna Executive 1.2 Manual,2018,18698,Petrol,1st Owner,561799
Hyundai,i20,1.4 E PLUS CRDI Manual,2018,64364,Diesel,1st Owner,885699
Audi,Ertiga,30 TDI MT S EDITION Manual,2015,69954,Diesel,1st Owner,1344299
Ford,Ecosport,1.5 TITANIUM TI VCT Manual,2016,22197,Petrol,1st Owner,715799
Toyota,Verna,2.5 VX 7 STR BS IV Manual,2014,110827,Diesel,1st Owner,771199
Toyota,City,V Manual,2017,45290,Petrol,1st Owner,546999
Elite,Ertiga,SPORTZ (O) 1.4 Manual,2015,65845,Diesel,4th Owner,508599
Hyundai,Superb,FLUIDIC 1.6 CRDI SX OPT Manual,2013,60285,Diesel,1st Owner,471099
Hyundai,Ciaz,FLUIDIC 1.6 SX CRDI Manual,2013,57756,Diesel,1st Owner,482999
Maruti,i20,ZDI Manual,2014,35605,Diesel,1st Owner,564299
KIA,Baleno,HTK 1.5 PETROL Manual,2020,5822,Petrol,2nd Owner,1059199
Grand,i10,SPORTZ 1.2 KAPPA VTVT Manual,2015,21496,Petrol,1st Owner,419799
Grand,Verna,MAGNA 1.1 CRDI Manual,2013,88453,Diesel,1st Owner,290999
Grand,Star,MAGNA 1.1 CRDI Manual,2013,63184,Diesel,1st Owner,290199
Toyota,Star,G MT Manual,2021,11863,Petrol,1st Owner,958399
Figo,Cross,1.2 TITANIUM PETROL Manual,2018,40838,Petrol,1st Owner,553399
Honda,Duster,1.2 V AT Automatic,2015,67358,Petrol,2nd Owner,526999
Grand,i10,SPORTS 1.2 VTVT Manual,2014,22103,Petrol,2nd Owner,414199
Maruti,Innova,VDI+ SHVS Manual,2017,36696,Diesel,1st Owner,701699
Elite,i20,ASTA 1.2 DUAL TONE Manual,2018,43094,Petrol,2nd Owner,618399
Mahindra,i20,W9 Manual,2021,5537,Diesel,1st Owner,1495599
Honda,Creta,1.2 S I VTEC Manual,2015,44142,Petrol,1st Owner,468599
Maruti,Q3,ZDI Manual,2015,52870,Diesel,1st Owner,625899
Toyota,Ecosport,3.0 MT 4X2 Manual,2013,117460,Diesel,2nd Owner,1233499
Ford,Innova,1.5TITANIUM TDCI Manual,2017,50477,Diesel,2nd Owner,599399
Vitara,Etios,ZDI Manual,2016,72378,Diesel,1st Owner,691099
Vitara,i20,ZDI Manual,2016,54460,Diesel,1st Owner,684399
Mahindra,Verna,W10 Manual,2015,44571,Diesel,2nd Owner,890399
Renault,Verna,85 PS RXL OPT Manual,2014,61943,Diesel,1st Owner,453599
Grand,Ertiga,MAGNA 1.1 CRDI Manual,2013,81873,Diesel,1st Owner,292399
Toyota,SELTOS,3.0 AT 4X2 Automatic,2013,197792,Diesel,1st Owner,1221299
Ford,i10,1.5 TREND+ TDCI Manual,2017,63429,Diesel,1st Owner,612099
Elite,i10,SPORTZ 1.2 Manual,2017,40023,Petrol,1st Owner,583999
MG,i10,SHARP HYBIRD PETROL MT Manual,2019,8683,Petrol,1st Owner,1628999
MG,YARIS,SHARP DCT PETROL Automatic,2019,22186,Petrol,1st Owner,1764199
NEW,Aspire,1.1 SPORTS AMT Automatic,2019,16945,Petrol,1st Owner,550199
Elite,Jazz,ASTA 1.2 (O) Manual,2016,36890,Petrol,2nd Owner,581199
Grand,i10,MAGNA 1.1 CRDI Manual,2015,110169,Diesel,1st Owner,330799
Grand,Ciaz,ASTA 1.2 KAPPA VTVT Manual,2014,42956,Petrol,1st Owner,425099
Maruti,i20,VXI AT Automatic,2015,27959,Petrol,1st Owner,423699
Grand,XUV500,SPORTS 1.2 VTVT Manual,2014,28938,Petrol,1st Owner,414199
Hyundai,Jazz,SPORTZ 1.4 CRDI Manual,2013,121221,Diesel,2nd Owner,371999
Mahindra,Ertiga,W10 FWD Manual,2016,63346,Diesel,1st Owner,943499
Hyundai,Fortuner,1.6 CRDI SX + AT Automatic,2017,64963,Diesel,1st Owner,929699
Toyota,Ecosport,CROSS 1.4 GD Manual,2015,81126,Diesel,1st Owner,415199
Mahindra,Brezza,W8 FWD Manual,2015,93626,Diesel,1st Owner,662199
Maruti,Brezza,DELTA 1.3 DDIS SHVS Manual,2017,61778,Diesel,1st Owner,638999
Maruti,XUV500,ZDI+ SHVS RS MT Manual,2016,72820,Diesel,1st Owner,644799
Maruti,Duster,ZDI+ SHVS Manual,2016,81877,Diesel,1st Owner,598899
S,i10,ALPHA SHVS Manual,2017,91367,Diesel,2nd Owner,846499
Mahindra,Fortuner,W10 FWD Manual,2016,78097,Diesel,2nd Owner,919099
Honda,Ecosport,ZX CVT Automatic,2020,11839,Petrol,1st Owner,1386299
Maruti,i20,DELTA DDIS 190 Manual,2017,62781,Diesel,1st Owner,535299
Elite,HECTOR,SPORTZ 1.4 Manual,2017,46920,Diesel,1st Owner,614299
Mahindra,HECTOR,W8 FWD Manual,2017,27071,Diesel,1st Owner,1216299
Hyundai,SANTRO,FLUIDIC 1.6 CRDI S (o) Manual,2015,62300,Diesel,1st Owner,616499
Toyota,i20,2.5 VX 7 STR BS IV Manual,2014,238442,Diesel,1st Owner,757499
Elite,i10,1.4 CRDI ASTA (O) Manual,2017,83787,Diesel,2nd Owner,598199
Maruti,i10,VDI+ SHVS Manual,2017,59162,Diesel,1st Owner,693299
Ford,Celerio,1.5 TITANIUM TI VCT AT Automatic,2015,27517,Petrol,1st Owner,637299
Toyota,i10,2.5 VX 8 STR BS IV Manual,2014,136708,Diesel,1st Owner,1031399
Ford,i20,1.5TITANIUM TDCI Manual,2017,46036,Diesel,1st Owner,652199
S,XUV500,DELTA SHVS Manual,2018,24516,Diesel,2nd Owner,758899
Swift,Verna,VDI ABS Manual,2016,79048,Diesel,2nd Owner,501899
Renault,Etios,85 PS RXE Manual,2014,159012,Diesel,1st Owner,415099
Renault,XUV500,RXZ DIESEL 110 Manual,2017,67331,Diesel,1st Owner,701899
Ford,Ciaz,1.0 ECOBOOST TITANIUM OPT Manual,2017,37026,Petrol,1st Owner,699299
Ford,Ciaz,1.5 TREND TDCI Manual,2015,50945,Diesel,1st Owner,492099
Honda,Ciaz,V MT PETROL Manual,2020,8641,Petrol,1st Owner,1056199
Honda,Cross,ZX CVT Automatic,2020,9848,Petrol,1st Owner,1580999
Hyundai,XUV500,1.6 SX CRDI Manual,2018,52513,Diesel,1st Owner,980299
Honda,City,V MT DIESEL Manual,2015,194550,Diesel,2nd Owner,475699
Elite,Baleno,Magna Executive 1.2 AT,2018,9707,Petrol,1st Owner,665599
Corolla,i20,VL AT Automatic,2016,137038,Petrol,1st Owner,926199
Maruti,XUV500,ZETA 1.2 K12 Manual,2019,27398,Petrol,1st Owner,545899
S,Verna,ALPHA SHVS Manual,2017,96542,Diesel,2nd Owner,809499
Renault,Innova,RXZ 110 4WD Manual,2015,70862,Diesel,2nd Owner,501599
S,i20,VXI Manual,2020,11201,Petrol,1st Owner,461499
Honda,Ciaz,VX MT DIESEL Manual,2014,74161,Diesel,1st Owner,543099
S,Ecosport,VXI Manual,2020,6637,Petrol,1st Owner,455499
S,Innova,VXI Manual,2020,15282,Petrol,1st Owner,455499
Maruti,Ecosport,VDI SHVS Manual,2017,118264,Diesel,1st Owner,632399
Hyundai,Cross,MAGNA 1.4 CRDI Manual,2013,75855,Diesel,1st Owner,314699
Maruti,Dzire,ZETA 1.2 K12 Manual,2018,43327,Petrol,2nd Owner,579799
Ford,Duster,1.5 TREND TDCI Manual,2015,43310,Diesel,1st Owner,510399
Hyundai,Duster,MAGNA O 1.2 Manual,2012,36450,Petrol,1st Owner,335399
Hyundai,Ecosport,SPORTZ 1.4 CRDI Manual,2014,72216,Diesel,1st Owner,395599
5,Ecosport,520D LUXURY LINE Automatic,2013,46477,Diesel,1st Owner,1817799
Maruti,City,DELTA 1.2 K12 Manual,2017,45688,Petrol,1st Owner,551899
5,City,520D LUXURY LINE Automatic,2013,82593,Diesel,2nd Owner,1623899
Ford,Creta,1.5 TITANIUM TI VCT Manual,2016,27829,Petrol,1st Owner,705099
Ford,City,1.5 TITANIUM TI VCT Manual,2018,35869,Petrol,1st Owner,794799
Elite,i20,ASTA 1.2 (O) Manual,2017,70142,Petrol,1st Owner,639599
Ford,Altis,1.5 TITANIUM TI VCT Manual,2018,24512,Petrol,1st Owner,821399
Ford,IGNIS,1.5TITANIUM TDCI Manual,2018,28379,Diesel,1st Owner,829399
Ford,Cross,1.5TITANIUM TDCI Manual,2018,24288,Diesel,1st Owner,834999
Etios,Duster,GD Manual,2013,67725,Diesel,1st Owner,321899
Audi,PRESSO,35 TDI Quattro Automatic,2015,67720,Diesel,3rd Owner,1608899
Elite,City,ASTA 1.2 Manual,2017,34850,Petrol,1st Owner,627699
S,PRESSO,VXI Manual,2020,13207,Petrol,1st Owner,453899
Ford,PRESSO,1.5TITANIUM TDCI Manual,2018,38721,Diesel,1st Owner,815799
Maruti,Ertiga,DELTA 1.2 K12 AMT Automatic,2017,54588,Petrol,3rd Owner,585599
Ford,i20,1.5TITANIUM TDCI Manual,2018,35727,Diesel,1st Owner,860099
Volkswagen,Baleno,HIGHLINE1.2L PETROL Manual,2012,64246,Petrol,1st Owner,365999
Ford,Ecosport,1.5TITANIUM TDCI Manual,2018,38611,Diesel,1st Owner,867499
Toyota,i20,VD 1.4 Manual,2015,64019,Diesel,1st Owner,473099
Toyota,i20,SPORTIVO 4X2 MT Manual,2014,175240,Diesel,1st Owner,1299099
Ford,Series,1.5 TITANIUMTDCI OPT Manual,2018,52521,Diesel,1st Owner,794499
Etios,Baleno,D 4D GD Manual,2013,111525,Diesel,1st Owner,300099
Ford,Series,1.5 TITANIUM TI VCT Manual,2016,56369,Petrol,1st Owner,688299
Ford,Ecosport,1.5 TREND TDCI Manual,2015,46481,Diesel,2nd Owner,488999
Maruti,Ecosport,VDI Manual,2014,79805,Diesel,1st Owner,364299
Ford,i20,1.5 TDCI TITANIUM PLUS Manual,2018,24772,Diesel,2nd Owner,838999
Ford,Ecosport,1.5 TITANIUM TI VCT Manual,2018,22443,Petrol,2nd Owner,777199
Ford,Ecosport,1.5 TITANIUM TI VCT Manual,2016,55450,Petrol,1st Owner,688099
Ford,Ecosport,1.5 TITANIUM TI VCT Manual,2016,53201,Petrol,1st Owner,672099
Ford,Liva,1.5 TDCI TITANIUM PLUS Manual,2018,16826,Diesel,2nd Owner,807599
Ford,Q3,1.5TITANIUM TDCI Manual,2015,77503,Diesel,1st Owner,519599
Ford,i20,1.5TITANIUM TDCI Manual,2015,85533,Diesel,2nd Owner,484199
Ford,PRESSO,1.5 TITANIUM PLUS TI VCT AT Automatic,2018,17535,Petrol + CNG,2nd Owner,863199
Ford,Ecosport,1.5 TITANIUM PLATINUM EDITION DIESEL Manual,2017,60954,Diesel,1st Owner,687099
Ford,Baleno,1.5 TITANIUM TI VCT Manual,2016,57927,Petrol,1st Owner,664799
Ford,Ecosport,1.5 TITANIUM TI VCT Manual,2019,32533,Petrol,1st Owner,811099
Ford,Polo,1.5TITANIUM TDCI Manual,2019,31855,Diesel,1st Owner,876399
Swift,Ecosport,LDI BS IV Manual,2014,79136,Diesel,1st Owner,332699
Maruti,Etios,VDI Manual,2013,83143,Diesel,1st Owner,327199
Ford,Fortuner,1.5TITANIUM TDCI Manual,2016,47503,Diesel,1st Owner,626199
Ford,Ecosport,1.5TITANIUM TDCI Manual,2015,52991,Diesel,1st Owner,535299
Ford,Liva,1.5 TREND TDCI Manual,2015,79320,Diesel,1st Owner,476899
Ford,Ecosport,1.5TITANIUM TDCI Manual,2019,10715,Diesel,1st Owner,902999
Elite,Ecosport,ASTA 1.2 Manual,2017,29492,Petrol,2nd Owner,638399
Ford,Ritz,1.5TITANIUM TDCI Manual,2017,80383,Diesel,1st Owner,663999
R,Ecosport,LXI Manual,2014,53442,Petrol,1st Owner,316199
Honda,Ecosport,S MT PETROL Manual,2013,47771,Petrol,1st Owner,495899
Alto,Ecosport,VXI Manual,2011,25086,Petrol,1st Owner,235499
Vitara,Ecosport,VDI Manual,2018,54715,Diesel,2nd Owner,700599
Etios,Ecosport,GD exclusive Manual,2013,97829,Diesel,1st Owner,318799
Hyundai,Ecosport,FLUIDIC 1.6 CRDI SX OPT AT Automatic,2014,99781,Diesel,2nd Owner,508299
R,Ecosport,LXI Manual,2014,48664,Petrol,1st Owner,309099
S,Ecosport,VXI Manual,2020,6100,Petrol,1st Owner,437099
Ford,Ecosport,1.5TITANIUM TDCI Manual,2017,85365,Diesel,1st Owner,657799
Ford,Ecosport,1.5TITANIUM TDCI Manual,2015,99783,Diesel,2nd Owner,503099
Corolla,Ecosport,J S Manual,2017,126754,Petrol + CNG,2nd Owner,810599
Maruti,Ecosport,ZETA 1.2 K12 Manual,2017,41963,Petrol,1st Owner,583299
Ford,Dzire,1.5TITANIUM TDCI Manual,2018,46082,Diesel,2nd Owner,783899
Ford,Swift,1.5 TREND+ TDCI Manual,2019,53583,Diesel,1st Owner,745099
Etios,Ecosport,GD Manual,2013,118924,Diesel,1st Owner,317199
Ford,Ecosport,1.5 TDCI TITANIUM PLUS Manual,2018,55118,Diesel,1st Owner,867299
Ford,Ecosport,1.5 TDCI TITANIUM PLUS Manual,2016,88980,Diesel,1st Owner,594599
Maruti,Ecosport,DELTA 1.2 K12 Manual,2018,75073,Petrol,1st Owner,536499
Renault,i20,RXL Manual,2019,20738,Petrol,2nd Owner,359799
Ford,Ecosport,1.5 TDCI TITANIUM PLUS Manual,2018,52833,Diesel,1st Owner,870699
Hyundai,1,MAGNA 1.1 IRDE2 Manual,2014,71921,Petrol,1st Owner,334399
Swift,City,LDI BS IV Manual,2014,56467,Diesel,1st Owner,349899
Honda,K10,S MT PETROL Manual,2013,50978,Petrol,1st Owner,476599
Maruti,Brezza,ZDI Manual,2017,53234,Diesel,2nd Owner,572999
Maruti,Liva,ZETA 1.2 K12 Manual,2017,49783,Petrol,1st Owner,585699
Maruti,Verna,VXI Manual,2019,2691,Petrol,1st Owner,401899
Maruti,1,DELTA 1.2 K12 Manual,2019,36598,Petrol,1st Owner,649699
Maruti,PRESSO,DELTA 1.2 K12 Manual,2017,48259,Petrol,2nd Owner,557099
Ford,Ecosport,1.5TITANIUM TDCI Manual,2019,53610,Diesel,1st Owner,860399
Swift,Ecosport,LDI BS IV Manual,2013,49944,Diesel,2nd Owner,303099
Tata,Altis,XZA 1.2 REVOTRON Automatic,2018,14692,Petrol,1st Owner,524599
Maruti,Baleno,VDI Manual,2013,70981,Diesel,1st Owner,321599
Maruti,Ecosport,ALPHA 1.5 AT SHVS Automatic,2019,17102,Petrol,1st Owner,1014499
5,Ecosport,520D 2.0 Automatic,2012,79585,Diesel,1st Owner,1285999
Grand,Liva,SPORTZ 1.1 CRDI Manual,2015,86628,Diesel,2nd Owner,383099
Honda,Ecosport,V MT PETROL Manual,2019,40867,Petrol,1st Owner,946899
Maruti,Ecosport,VDI ABS Manual,2017,52121,Diesel,1st Owner,568699
Maruti,Baleno,VDI Manual,2013,82843,Diesel,1st Owner,338199
Maruti,Kwid,VXI OPT Manual,2017,47594,Petrol,1st Owner,506099
Alto,Ecosport,LXI Manual,2012,21765,Petrol,1st Owner,232299
Volkswagen,i10,TRENDLINE 1.2L PETROL Manual,2014,71299,Petrol,2nd Owner,387899
Maruti,Dzire,DELTA 1.2 K12 Manual,2017,31054,Petrol,1st Owner,562599
Maruti,City,VXI Manual,2019,13299,Petrol,1st Owner,373499
Maruti,Swift,DELTA 1.2 K12 Manual,2020,20791,Petrol,1st Owner,675399
Hyundai,Baleno,ASTA 1.4 CRDI Manual,2014,88817,Diesel,2nd Owner,426699
Zen,Alto,VXI Manual,2009,44191,Petrol,1st Owner,207799
Volkswagen,Baleno,COMFORTLINE 1.2L PETROL Manual,2015,50483,Petrol,1st Owner,440099
Vitara,Baleno,VDI OPT Manual,2018,36807,Diesel,1st Owner,711199
Maruti,Ecosport,ZETA 1.2 K12 Manual,2017,44193,Petrol,1st Owner,587299
Vitara,Dzire,VDI OPT Manual,2018,71192,Diesel,1st Owner,674099
Hyundai,Tiago,MAGNA 1.1 IRDE2 Manual,2014,64122,Petrol,1st Owner,348799
Maruti,Swift,VDI Manual,2013,66350,Diesel,1st Owner,331699
Tata,Ciaz,XZA 1.2 REVOTRON Automatic,2018,28741,Petrol,2nd Owner,492899
Vitara,Series,ZDI AMT Automatic,2019,27694,Diesel,2nd Owner,930999
Maruti,i10,DELTA 1.2 K12 Manual,2017,32949,Petrol,1st Owner,555299
Vitara,City,VDI OPT Manual,2018,60395,Diesel,1st Owner,681899
Maruti,Swift,ALPHA 1.2 K12 Manual,2017,38216,Petrol,1st Owner,655499
Swift,Swift,VDI BS IV Manual,2014,67566,Diesel,2nd Owner,369899
Maruti,Swift,LXI OPT Manual,2019,31370,Petrol,1st Owner,352399
Toyota,800,3.0 AT 4X2 Automatic,2015,90313,Diesel,1st Owner,1524199
Ford,Polo,1.5TITANIUM TDCI Manual,2015,39002,Diesel,2nd Owner,541599
Maruti,Baleno,VDI Manual,2017,35502,Diesel,2nd Owner,525399
Maruti,Alto,VDI Manual,2013,74447,Diesel,1st Owner,338799
Maruti,Baleno,LXI Manual,2013,43685,Petrol,3rd Owner,326499
Maruti,i20,LDI BS IV Manual,2013,65561,Diesel,1st Owner,329799
Maruti,Estilo,LXI OPT Manual,2016,65184,Petrol,1st Owner,407599
Hyundai,Polo,SPORTZ 1.4 CRDI Manual,2014,46555,Diesel,1st Owner,403799
Swift,Brezza,VDI ABS Manual,2016,58123,Diesel,2nd Owner,479899
Vitara,Baleno,LDI OPT Manual,2018,14341,Diesel,1st Owner,720399
Swift,Brezza,LDI BS IV Manual,2014,76013,Diesel,1st Owner,349899
Maruti,i10,ZETA 1.2 K12 AMT Automatic,2017,38019,Petrol,1st Owner,640999
Mahindra,Swift,W10 Manual,2015,114885,Diesel,2nd Owner,869999
Alto,Tiago,LXI Manual,2013,42105,Petrol,1st Owner,217999
Maruti,Brezza,VDI Manual,2013,144445,Diesel,2nd Owner,314499
Hyundai,Baleno,1.4 S CRDI Manual,2019,69444,Diesel,1st Owner,1048699
Ford,Brezza,1.5 TDCI TITANIUM PLUS Manual,2018,57595,Diesel,3rd Owner,753599
Maruti,Baleno,ZETA 1.2 K12 Manual,2019,11311,Petrol,1st Owner,696899
Swift,Dzire,VDI ABS Manual,2016,37542,Diesel,1st Owner,567199
Renault,Alto,RXT Manual,2017,35012,Petrol,1st Owner,339799
Maruti,Fortuner,LXI Manual,2012,48080,Petrol,1st Owner,338699
Vitara,Ecosport,VDI Manual,2019,37696,Diesel,1st Owner,792599
Volkswagen,Swift,COMFORTLINE 1.2L PETROL Manual,2015,56874,Petrol,1st Owner,448699
Grand,Swift,SPORTZ 1.2 KAPPA VTVT Manual,2017,61195,Petrol,1st Owner,477199
Maruti,Swift,VDI Manual,2014,79144,Diesel,1st Owner,346999
Vitara,Swift,VDI OPT Manual,2018,45926,Diesel,1st Owner,739599
Maruti,Swift,VDI Manual,2013,103619,Diesel,2nd Owner,355899
Vitara,i20,ZDI Manual,2018,24013,Diesel,1st Owner,851599
Vitara,Dzire,VDI Manual,2019,49708,Diesel,1st Owner,784899
Maruti,Brezza,VXI AMT Automatic,2019,12551,Petrol,1st Owner,678999
Hyundai,Dzire,ERA 1.4 CRDI Manual,2013,37840,Diesel,1st Owner,333699
Maruti,Baleno,LXI Manual,2020,8235,Petrol,1st Owner,387199
Maruti,XUV500,LXI Manual,2020,13235,Petrol,1st Owner,367299
Vitara,800,VDI Manual,2019,52300,Diesel,1st Owner,749399
Grand,Swift,SPORTZ 1.2 KAPPA VTVT Manual,2019,68963,Petrol,1st Owner,478299
Maruti,Creta,ZXI OPT Manual,2018,27816,Petrol,1st Owner,494399
Grand,Ecosport,MAGNA 1.2 VTVT Manual,2018,43790,Petrol,1st Owner,474799
5,Baleno,520D LUXURY LINE Automatic,2015,80744,Diesel,2nd Owner,2043799
Maruti,Dzire,DELTA 1.2 K12 Manual,2019,5334,Petrol,2nd Owner,638799
Honda,Kwid,1.5 VX I DTEC Manual,2017,61545,Diesel,1st Owner,576399
Vitara,Swift,VDI Manual,2019,27911,Diesel,1st Owner,803199
Vitara,Brezza,ZXI AT SHVS Automatic,2020,20024,Petrol,1st Owner,1018499
Maruti,Polo,DELTA 1.2 K12 Manual,2019,10397,Petrol,1st Owner,693699
Vitara,i10,ZDI PLUS Manual,2018,34618,Diesel,3rd Owner,788199
Maruti,Swift,ZETA 1.2 K12 Manual,2018,9610,Petrol,2nd Owner,630699
Maruti,Brezza,VDI Manual,2013,67003,Diesel,1st Owner,356899
Vitara,Swift,VDI Manual,2018,20713,Diesel,1st Owner,771399
Maruti,Brezza,ZETA 1.2 K12 Manual,2018,37786,Petrol,1st Owner,633199
Vitara,Brezza,ZDI Manual,2018,32860,Diesel,1st Owner,780499
Maruti,Swift,VDI Manual,2013,68152,Diesel,1st Owner,347699
Maruti,i20,VDI Manual,2012,129639,Diesel,1st Owner,297999
Zen,Alto,VXI Manual,2009,38160,Petrol,1st Owner,204199
Vitara,Alto,VDI Manual,2019,20812,Diesel,1st Owner,803199
Maruti,Brezza,VDI Manual,2013,77263,Diesel,2nd Owner,380899
Maruti,i10,VDI Manual,2013,76608,Diesel,1st Owner,369799
Maruti,Celerio,LXI Manual,2013,99562,Petrol,2nd Owner,358599
R,i10,VXI Manual,2014,24161,Petrol,2nd Owner,317199
Maruti,Series,VDI Manual,2013,45417,Diesel,1st Owner,339699
Maruti,Baleno,VDI Manual,2013,64768,Diesel,1st Owner,364299
Maruti,Jazz,VXI Manual,2019,35452,Petrol,1st Owner,493199
Maruti,Brezza,DELTA 1.2 K12 Manual,2019,19831,Petrol,1st Owner,667799
Mahindra,Brezza,W11 (O) Manual,2020,27892,Diesel,1st Owner,1737499
Mahindra,Baleno,W11 (O) Manual,2018,47006,Diesel,1st Owner,1321999
Honda,Brezza,1.2 E MT I VTEC Manual,2013,61898,Petrol,1st Owner,314899
Maruti,Baleno,VDI Manual,2014,68404,Diesel,1st Owner,383599
Swift,Swift,VDI ABS Manual,2015,16575,Diesel,1st Owner,525199
Grand,Brezza,SPORTS 1.2 VTVT Manual,2017,24487,Petrol,1st Owner,462499
R,Baleno,VXI Manual,2013,51111,Petrol,1st Owner,312399
Maruti,Brezza,VDI Manual,2013,120060,Diesel,1st Owner,317199
Grand,Swift,SPORTS 1.2 VTVT Manual,2017,35933,Petrol,1st Owner,488399
Maruti,Swift,VDI Manual,2014,71382,Diesel,1st Owner,383399
Maruti,Estilo,ZXI Manual,2012,70677,Petrol,1st Owner,398699
Grand,Brezza,SPORTZ 1.1 CRDI Manual,2015,73729,Diesel,1st Owner,419899
Mahindra,Swift,W11 (O) Manual,2019,20939,Diesel,2nd Owner,1605099
Swift,Swift,ZDI Manual,2015,13258,Diesel,1st Owner,500199
Ford,Swift,1.5 TREND+ TDCI Manual,2017,113015,Diesel,1st Owner,625199
Renault,1,1.0 RXT Opt Manual,2017,14941,Petrol,1st Owner,352799
Grand,Swift,SPORTZ 1.2 KAPPA VTVT Manual,2018,35451,Petrol,1st Owner,528399
Maruti,Swift,VDI Manual,2014,64370,Diesel,1st Owner,380399
Vitara,Celerio,ZXI AT SHVS Automatic,2020,17212,Petrol,1st Owner,1141099
Vitara,Baleno,ZDI + AMT Automatic,2020,17465,Diesel,1st Owner,1124999
Alto,XUV500,VXI Manual,2016,64348,Petrol,1st Owner,307399
Grand,XUV500,MAGNA 1.2 KAPPA VTVT Manual,2017,33853,Petrol,1st Owner,460599
Etios,Brio,D 4D VD Manual,2017,19937,Diesel,1st Owner,609499
Hyundai,Swift,MAGNA PLUS Manual,2015,63317,Petrol,1st Owner,293899
Hyundai,Dzire,ERA 1.4 CRDI Manual,2013,32431,Diesel,1st Owner,363799
Grand,i10,SPORTZ 1.2 KAPPA VTVT Manual,2016,53198,Petrol,1st Owner,457099
Maruti,1,VDI Manual,2013,122416,Diesel,1st Owner,319399
Renault,Swift,RXL Manual,2018,12124,Petrol,1st Owner,345199
Honda,i10,V MT PETROL Manual,2012,66274,Petrol,1st Owner,437999
Grand,Swift,MAGNA 1.2 VTVT Manual,2018,31064,Petrol,1st Owner,474799
Grand,Swift,SPORTS 1.2 VTVT Manual,2017,34227,Petrol,1st Owner,472099
Maruti,i10,ZXI Manual,2012,70990,Petrol,1st Owner,407199
Maruti,XUV500,VDI Manual,2013,45868,Diesel,1st Owner,357199
NEW,Dzire,SPORTZ 1.1 Manual,2019,16653,Petrol,1st Owner,507799
Renault,Ecosport,1.0 RXT Opt Manual,2019,26512,Petrol,1st Owner,399099
Maruti,Kwid,VDI Manual,2013,167528,Diesel,1st Owner,334399
Maruti,i10,VDI Manual,2013,44122,Diesel,1st Owner,359899
Honda,Swift,V MT PETROL Manual,2012,77722,Petrol,1st Owner,431799
Honda,Brezza,S MT PETROL Manual,2012,67900,Petrol,1st Owner,418199
Ford,Brezza,1.5TITANIUM TDCI Manual,2018,100576,Diesel,1st Owner,729099
R,K10,VXI Manual,2018,24014,Petrol,1st Owner,452399
Maruti,i10,VDI Manual,2014,69579,Diesel,1st Owner,399699
Swift,Liva,VDI ABS Manual,2015,51256,Diesel,1st Owner,482099
Vitara,Eon,VDI AMT Automatic,2019,56076,Diesel,1st Owner,850099
Maruti,i20,VDI Manual,2014,82367,Diesel,2nd Owner,352399
Grand,i10,MAGNA 1.2 VTVT Manual,2016,44753,Petrol,1st Owner,428999
Hyundai,Swift,SPORTZ 1.4 CRDI Manual,2013,57465,Diesel,1st Owner,384399
Maruti,Kwid,VDI ABS Manual,2017,70112,Diesel,1st Owner,466299
Swift,City,VDI BS IV Manual,2014,87334,Diesel,1st Owner,400999
Maruti,i10,VDI Manual,2013,47329,Diesel,1st Owner,371999
Honda,i10,1.2 S MT I VTEC Manual,2013,28601,Petrol,1st Owner,337999
Honda,Swift,V MT PETROL Manual,2012,56719,Petrol,2nd Owner,436899
Maruti,Swift,VDI Manual,2014,38015,Diesel,1st Owner,382599
Maruti,SANTRO,VDI ABS Manual,2014,61842,Diesel,1st Owner,405599
Alto,Kwid,VXI Manual,2015,56617,Petrol,1st Owner,293299
Alto,Swift,VXI Manual,2015,51434,Petrol,2nd Owner,248799
Hyundai,Swift,MAGNA PLUS Manual,2015,45881,Petrol,2nd Owner,296499
Maruti,City,VDI ABS Manual,2015,76264,Diesel,1st Owner,415799
R,City,VXI Manual,2018,18807,Petrol,2nd Owner,450199
Maruti,Ecosport,VXI Manual,2014,61424,Petrol,2nd Owner,415099
Maruti,1,VDI Manual,2014,41996,Diesel,1st Owner,381999
Maruti,Swift,VDI Manual,2014,54884,Diesel,1st Owner,387799
Maruti,Dzire,VDI Manual,2014,76156,Diesel,1st Owner,380499
Maruti,Brezza,LDI O Manual,2015,43651,Diesel,1st Owner,399199
Maruti,Swift,VDI Manual,2013,29449,Diesel,1st Owner,370499
Maruti,i10,ZDI Manual,2013,24652,Diesel,1st Owner,397999
Maruti,i20,VDI Manual,2012,109023,Diesel,1st Owner,337799
Maruti,Swift,ZXI Manual,2013,65080,Petrol,1st Owner,410699
Maruti,Dzire,VDI Manual,2013,43732,Diesel,1st Owner,375799
Maruti,Swift,VXI Manual,2014,76551,Petrol,1st Owner,416799
Swift,Brio,VDI ABS Manual,2015,76778,Diesel,1st Owner,435899
Swift,City,VDI BS IV Manual,2013,66341,Diesel,1st Owner,367999
Grand,Swift,MAGNA 1.2 VTVT Manual,2017,12957,Petrol,1st Owner,451899
Maruti,Swift,VDI ABS Manual,2015,56789,Diesel,1st Owner,438499
Maruti,K10,VXI Manual,2014,62658,Petrol,1st Owner,413299
Swift,800,VDI BS IV Manual,2013,76795,Diesel,1st Owner,343599
Maruti,Eon,ZDI Manual,2014,73240,Diesel,1st Owner,421299
Maruti,Swift,VDI Manual,2014,58932,Diesel,1st Owner,380299
Grand,1,MAGNA 1.2 VTVT Manual,2016,35547,Petrol,2nd Owner,419199
Maruti,Swift,VDI ABS Manual,2014,49216,Diesel,2nd Owner,410999
Maruti,Swift,VDI ABS Manual,2014,72310,Diesel,1st Owner,424699
Maruti,Swift,ZDI Manual,2013,70638,Diesel,1st Owner,422399
Swift,Swift,VDI BS IV Manual,2014,54324,Diesel,1st Owner,438399
Swift,Swift,VDI BS IV Manual,2013,40212,Diesel,1st Owner,370699
Swift,Swift,VDI ABS Manual,2015,76039,Diesel,1st Owner,494299
Honda,Swift,1.2 S MT I VTEC Manual,2015,9623,Petrol,1st Owner,407699
Maruti,Swift,VDI ABS Manual,2017,96866,Diesel,1st Owner,497399
Alto,Swift,LXI Manual,2017,40409,Petrol,1st Owner,296199
Swift,Swift,VDI BS IV Manual,2014,39245,Diesel,1st Owner,458599
Honda,Swift,1.2 E MT I VTEC Manual,2014,29564,Petrol,2nd Owner,333799
Maruti,Dzire,VXI Manual,2014,17135,Petrol,2nd Owner,409999
Alto,Dzire,VXI Manual,2018,97814,Petrol + CNG,1st Owner,358199
Maruti,i10,VXI Manual,2014,14734,Petrol,2nd Owner,427799
Grand,Swift,MAGNA 1.2 VTVT Manual,2017,9192,Petrol,1st Owner,451899
Maruti,Swift,VDI ABS Manual,2014,54628,Diesel,1st Owner,410899
Maruti,Dzire,LDI O Manual,2015,46168,Diesel,1st Owner,416499
Swift,Swift,VDI ABS Manual,2015,72841,Diesel,1st Owner,476799
Maruti,Swift,VDI ABS Manual,2015,69806,Diesel,1st Owner,461799
Maruti,i10,VXI Manual,2015,27651,Petrol,1st Owner,483399
Renault,Swift,RXL Manual,2019,10060,Petrol,1st Owner,412999
Grand,Swift,Magna 1.2 AT VTVT Automatic,2016,32173,Petrol,3rd Owner,437099
Alto,Swift,VXI Manual,2015,41995,Petrol,1st Owner,291699
Alto,Dzire,LXI Manual,2017,19146,Petrol,2nd Owner,278099
Grand,Dzire,SPORTS 1.2 VTVT Manual,2016,24984,Petrol,1st Owner,454199
Maruti,Dzire,VDI ABS Manual,2015,46856,Diesel,1st Owner,447499
Maruti,Brio,ZXI AMT Automatic,2016,13637,Petrol,1st Owner,447499
Maruti,Swift,VDI Manual,2014,39011,Diesel,1st Owner,430699
Honda,800,S AT Automatic,2012,77856,Petrol,4th Owner,409799
Swift,Dzire,VDI BS IV Manual,2014,73642,Diesel,1st Owner,428699
Maruti,Brio,VDI Manual,2014,45750,Diesel,1st Owner,419799
Hyundai,Swift,SPORTZ 1.2 VTVT Manual,2013,40165,Petrol,1st Owner,412299
Maruti,K10,VXI Manual,2014,43064,Petrol,1st Owner,429899
Maruti,Swift,VDI Manual,2015,76854,Diesel,1st Owner,407999
Alto,i10,VXI Manual,2016,38290,Petrol,1st Owner,312199
Maruti,Swift,VDI ABS Manual,2015,86430,Diesel,1st Owner,399899
Maruti,Swift,VDI ABS Manual,2014,38070,Diesel,1st Owner,418399
Maruti,Dzire,VDI ABS Manual,2015,53260,Diesel,1st Owner,424599
Maruti,Swift,VDI ABS Manual,2014,35607,Diesel,1st Owner,428099
Maruti,Swift,VDI ABS Manual,2015,92086,Diesel,1st Owner,390999
Alto,Kwid,VXI Manual,2012,49689,Petrol,1st Owner,228999
Alto,i10,VXI Manual,2019,51513,Petrol,1st Owner,391099
Alto,K10,VXI AMT Automatic,2016,44974,Petrol,1st Owner,334299
Maruti,800,VDI Manual,2014,33377,Diesel,1st Owner,417099
Swift,i10,VDI BS IV Manual,2012,115300,Diesel,1st Owner,334299
Alto,Swift,VXI Manual,2019,32787,Petrol,1st Owner,386199
Maruti,Celerio,VDI ABS Manual,2015,49799,Diesel,1st Owner,477899
Maruti,Swift,VDI Manual,2014,102773,Diesel,1st Owner,369999
Hyundai,City,ASTA 1.2 AT KAPPA2 WITH SUNROOF Automatic,2013,50641,Petrol,1st Owner,411699
Grand,Dzire,SPORTS 1.2 VTVT Manual,2016,19902,Petrol,1st Owner,463599
Honda,Swift,1.2 S MT I VTEC Manual,2014,26081,Petrol,1st Owner,370599
Honda,i20,1.2 VX AT I VTEC Automatic,2015,25253,Petrol,2nd Owner,476799
Maruti,Swift,VDI Manual,2015,30528,Diesel,1st Owner,460999
Alto,Ritz,VXI OPT Manual,2017,40539,Petrol,1st Owner,354699
Alto,K10,LXI Manual,2017,29190,Petrol,1st Owner,307399
Maruti,Swift,VDI ABS Manual,2016,106347,Diesel,1st Owner,461999
Maruti,Swift,VDI ABS Manual,2015,84904,Diesel,1st Owner,434999
Maruti,Swift,VDI ABS Manual,2015,91610,Diesel,1st Owner,447099
Maruti,Swift,VDI Manual,2014,107030,Diesel,1st Owner,374199
Maruti,Swift,VDI ABS Manual,2015,126169,Diesel,1st Owner,385099
Maruti,K10,VDI Manual,2014,112073,Diesel,1st Owner,383699
Maruti,K10,ZXI Manual,2014,51211,Petrol,1st Owner,462699
Swift,K10,VXI 1.2 BS IV Manual,2012,53634,Petrol,2nd Owner,347399
Maruti,Swift,ZDI Manual,2014,92088,Diesel,1st Owner,420799
Maruti,Dzire,VDI ABS Manual,2015,104093,Diesel,1st Owner,438999
Maruti,K10,VXI Manual,2014,27329,Petrol,1st Owner,453499
Maruti,Swift,VDI ABS Manual,2015,122972,Diesel,1st Owner,378999
Maruti,Swift,VDI ABS Manual,2015,107096,Diesel,1st Owner,418799
Maruti,i10,VDI ABS Manual,2015,104005,Diesel,1st Owner,414999
Grand,i10,ASTA 1.2 KAPPA VTVT Manual,2015,27155,Petrol,2nd Owner,442399
Tata,Brio,XZ 1.2 REVOTRON OPT Manual,2017,40079,Petrol,1st Owner,513599
Tata,Brio,TWIST XTA Automatic,2016,19921,Petrol,2nd Owner,222699
Grand,Swift,SPORTS 1.2 VTVT Manual,2015,19851,Petrol,2nd Owner,428299
Alto,K10,VXI Manual,2017,16788,Petrol,1st Owner,340299
Grand,800,SPORTZ 1.2 KAPPA VTVT Manual,2015,13223,Petrol,1st Owner,440499
Alto,Swift,VXI Manual,2018,27027,Petrol,2nd Owner,367599
Swift,Swift,ZDI Manual,2013,24507,Diesel,1st Owner,447299
Swift,Swift,LDI BS IV Manual,2015,75393,Diesel,1st Owner,405499
Alto,Swift,LXI Manual,2016,21423,Petrol,2nd Owner,294199
Alto,Swift,LXI Manual,2018,34014,Petrol,1st Owner,328399
Maruti,Swift,VDI ABS Manual,2015,112006,Diesel,1st Owner,420099
Alto,Swift,LXI Manual,2016,5209,Petrol,1st Owner,295399
Swift,Dzire,LDI BS IV Manual,2014,80180,Diesel,1st Owner,356999
Alto,Swift,LXI Manual,2017,11194,Petrol,1st Owner,311099
Alto,Swift,LXI Manual,2018,15498,Petrol,2nd Owner,326899
Alto,Swift,VXI AMT Automatic,2016,23227,Petrol,1st Owner,360899
Alto,Swift,VXI Manual,2017,17840,Petrol,1st Owner,364199
Alto,Swift,VXI Manual,2017,12221,Petrol,2nd Owner,355899
Alto,Swift,VXI Manual,2017,14378,Petrol,1st Owner,378999
Renault,i10,RXT Opt Manual,2015,42231,Petrol,3rd Owner,222899
Alto,TIGOR,VXI Manual,2018,14465,Petrol,1st Owner,396399
Alto,Nano,VXI Manual,2018,17585,Petrol,1st Owner,389699
Elite,i10,SPORTZ 1.2 Manual,2016,28404,Petrol,1st Owner,554399
Swift,K10,ZDI Manual,2015,30696,Diesel,1st Owner,495699
Audi,i10,30 TDI PREMIUM PLUS Automatic,2014,32183,Diesel,1st Owner,2072099
Alto,K10,VXI Manual,2018,19205,Petrol,2nd Owner,373199
Alto,Dzire,VXI Manual,2018,17862,Petrol,1st Owner,400299
Alto,Dzire,VXI Manual,2019,6999,Petrol,1st Owner,399299
Maruti,800,VXI Manual,2017,29684,Petrol,1st Owner,504699
Maruti,800,LDI BS IV Manual,2014,46949,Diesel,1st Owner,355599
Alto,Swift,VXI Manual,2019,11920,Petrol,1st Owner,426299
S,800,SIGMA 1.3 Manual,2015,83216,Diesel,1st Owner,542899
Honda,Dzire,1.5 EMT I DTEC Manual,2013,47594,Diesel,1st Owner,332699
Maruti,800,VDI SHVS Manual,2017,16930,Diesel,1st Owner,710499
Tata,800,XT 1.05 REVOTORQ Manual,2016,84870,Diesel,1st Owner,350499
Maruti,K10,ZXI Manual,2014,61179,Petrol,2nd Owner,532699
Vitara,K10,LDI Manual,2017,53153,Diesel,1st Owner,629199
Maruti,K10,ZDI+ SHVS RS MT Manual,2016,42426,Diesel,1st Owner,688199
R,K10,LXI Manual,2014,40156,Petrol,2nd Owner,342699
Ford,Kwid,1.5AMBIENTE TI VCT Manual,2015,23803,Petrol,1st Owner,532899
Maruti,K10,ZETA 1.2 K12 Manual,2017,31885,Petrol,3rd Owner,457699
Maruti,K10,VDI ABS Manual,2015,83212,Diesel,1st Owner,472099
Ford,i20,1.5AMBIENTE TI VCT Manual,2014,45318,Petrol,1st Owner,506999
Hyundai,Dzire,S PETROL MT Manual,2020,9118,Petrol,1st Owner,1302199
Ford,Q5,1.5 TREND TDCI Manual,2014,59393,Diesel,1st Owner,480599
Tucson,K10,2WD AT GL DIESEL Automatic,2018,29618,Diesel,1st Owner,1855899
Vitara,K10,VDI Manual,2016,66151,Diesel,2nd Owner,654899
Maruti,K10,SIGMA 1.2 K12 Manual,2017,42403,Petrol,1st Owner,507299
Maruti,Swift,VDI Manual,2014,42295,Diesel,1st Owner,333099
Tata,Swift,XT 1.2 REVOTRON Manual,2018,18967,Petrol,1st Owner,441499
Honda,K10,1.5 V MT Manual,2019,17133,Petrol,1st Owner,914399
Maruti,Cross,LXI Manual,2018,21042,Petrol,1st Owner,537799
Maruti,Amaze,DELTA 1.2 K12 Manual,2017,35148,Petrol,2nd Owner,550299
Hyundai,Ertiga,1.6 SX CRDI Manual,2016,82382,Diesel,1st Owner,815699
Volkswagen,Tiago,HIGHLINE A/T Automatic,2018,74046,Diesel,1st Owner,2124199
Ford,Ciaz,1.5 TITANIUM TI VCT Manual,2019,13787,Petrol,1st Owner,855299
Elite,Brezza,SPORTZ (O) 1.4 Manual,2015,63004,Diesel,1st Owner,567199
Ford,Ciaz,1.5TITANIUM TDCI Manual,2018,42231,Diesel,1st Owner,818199
Alto,1,LXI Manual,2015,24515,Petrol,1st Owner,285699
Maruti,Ecosport,DELTA 1.2 K12 Manual,2019,34639,Petrol,1st Owner,625399
Maruti,IGNIS,VXI Manual,2019,22988,Petrol,1st Owner,394099
Vitara,Swift,VDI Manual,2019,23610,Diesel,1st Owner,803199
MG,Ecosport,SHARP DCT PETROL,2019,7748,Petrol,1st Owner,1812799
Hyundai,Creta,ERA PLUS Manual,2015,19027,Petrol,1st Owner,281599
Honda,Ecosport,1.2 S MT I VTEC Manual,2012,56335,Petrol,1st Owner,289799
Hyundai,New,S MT Turbo GDI 1.0L Manual,2019,31118,Petrol,1st Owner,867899
Ford,Brezza,1.5 TITANIUM TI VCT Manual,2018,88325,Petrol + CNG,1st Owner,772799
Honda,Baleno,1.2 S MT I VTEC Manual,2013,39531,Petrol,1st Owner,324699
Grand,Ritz,MAGNA 1.1 CRDI Manual,2015,24450,Diesel,1st Owner,376199
Grand,Tiago,SPORTZ 1.2 KAPPA VTVT Manual,2018,6696,Petrol,1st Owner,561699
Grand,City,Sportz(O) 1.2 MT,2017,44924,Petrol,2nd Owner,435499
Grand,Swift,SPORTZ 1.2 KAPPA VTVT Manual,2017,48723,Petrol,1st Owner,500799
Grand,Baleno,SPORTZ 1.2 KAPPA VTVT Manual,2015,41710,Petrol,1st Owner,412999
Grand,Creta,ASTA 1.2 KAPPA VTVT Manual,2016,45395,Petrol,1st Owner,505099
Maruti,TIGUAN,VDI ABS Manual,2015,56552,Diesel,1st Owner,478199
Maruti,Ecosport,LXI Manual,2014,78595,Petrol,1st Owner,382099
Honda,i20,1.5 SMT I DTEC Manual,2014,90004,Diesel,1st Owner,338699
Maruti,Ecosport,VDI Manual,2013,55532,Diesel,1st Owner,267699
Alto,800,LXI Manual,2017,54041,Petrol,1st Owner,282799
Renault,Baleno,1.0 RXT Opt Manual,2017,19609,Petrol,1st Owner,352799
Renault,Alto,1.0 RXT Manual,2019,7604,Petrol,1st Owner,394399
